datetime,instrument,price,previous_quantity,quantity,trade_notional,fee,market_value,desired_weight,projected_weight,can_buy,can_sell
2026-01-05 01:30:00+00:00,A,10.0,0.0,5000.0,50000.0,50.0,50000.0,0.5,0.5,True,True
2026-01-05 01:30:00+00:00,B,20.0,0.0,0.0,0.0,0.0,0.0,0.5,0.0,False,True
2026-01-06 01:30:00+00:00,A,11.0,5000.0,5000.0,0.0,0.0,55000.0,0.0,0.5240590757503573,True,False
2026-01-06 01:30:00+00:00,B,19.0,0.0,2626.321047373679,49900.0999000999,49.9000999000999,49900.0999000999,1.0,0.47594092424964274,True,True
2026-01-07 01:30:00+00:00,A,10.5,5000.0,4047.6190476190477,-10000.000000000002,10.000000000000002,42500.0,0.0,0.3947879005444584,True,True
2026-01-07 01:30:00+00:00,B,21.0,2626.321047373679,3007.27342832606,8000.000000000002,8.000000000000002,63152.74199484727,1.0,0.586633845312273,True,True
2026-01-08 01:30:00+00:00,A,10.7,4047.6190476190477,4047.6190476190477,0.0,0.0,43309.52380952381,0.4107621322795207,0.4107621322795207,False,False
2026-01-08 01:30:00+00:00,B,20.0,3007.27342832606,3007.27342832606,0.0,0.0,60145.4685665212,0.5704399111842087,0.5704399111842087,False,False
2026-01-09 01:30:00+00:00,A,10.8,4047.6190476190477,0.0,-43714.28571428572,43.714285714285715,0.0,0.0,0.0,True,True
2026-01-09 01:30:00+00:00,B,20.5,3007.27342832606,0.0,-61649.105280684234,61.64910528068424,0.0,0.0,0.0,True,True
