claim_id,claim_sha256,claim_type,evidence_ids,analysis_intent,verification_status,notes
C001,e38b97693c8ea8aa91f3a0761cf636a8540d8a0f54907bc440035ee83ae45e13,factual,"E001|E002",descriptive,pending_human_verification,Exchange-rule implementation motivation
C002,f9dba43e29b579930dbae064d11419c7a9f165a2c58fbf05ea63a503dad2038f,method,E003,descriptive,pending_human_verification,Differentiable optimization capability only
C003,f1434cdf9943558aadb33536c6170c0afe1e013747b844aed7fcb974a5611066,method,E004,exploratory,pending_human_verification,Architecture motivation not transferred performance
C004,6a4d20979591ef9286602e791d250c3773e8c132a71784e2fce20154ed0b242e,method,E005,exploratory,pending_human_verification,Architecture motivation not equity evidence
C005,f601b93e7c7eb08c196c205d33c38c973e28c752acdd382b51b81451deea6df9,method,E006,exploratory,pending_human_verification,Portfolio-objective motivation not CSI300 evidence
C006,62f4d278a1a2fca9b12cab4c9f53d0b664787d1136f14265efb72c50dceb8318,method,E007,exploratory,pending_human_verification,Architecture description only
C008,ece578324b369798766c6a26bff885536875825342197249290e45b5bb5e5eb0,method,E009,descriptive,pending_human_verification,Procedural source explicitly reports no task-level proof
C009,82d91979daafb35b102d7b180d0fa2a0cd2b01e316b6c1f43e3635fa32465520,method,E010,exploratory,pending_human_verification,Architecture motivation not equity evidence
C010,d8dc08121d58e2ba984ad22aa3b19fa681e0fba73f8dbe62db495e616ed64bd7,method,E011,exploratory,pending_human_verification,Architecture motivation not stock-alpha evidence
C011,20492b8c5aaba5da50e4c986708895e00284f946c7211a662c4c520c4305b293,method,E012,exploratory,pending_human_verification,Transfer remains untested in this project
C012,8533ba14a375d737969c72a9f59b8d786413b38229cc2c5f4a79311c7a8ddfd5,method,E013,exploratory,pending_human_verification,Financial index forecasting is not stock ranking
C013,0e55acc831d0f0f90057456eb6e8e34bef39d940b865cd2d3fad4705bc776a75,method,E014,descriptive,pending_human_verification,Evaluation-design lesson rather than backbone evidence
